T,eB,sigmau,sigmad,sigmas
305.0,0.2,-0.09773343606742158,-0.09846999972273562,-27.798067263904095
303.0,0.2,-0.09717990756093209,-0.09795339021992122,-27.480769182167577
301.0,0.2,-0.09660708138430851,-0.0974197287327414,-27.15682112033162
299.0,0.2,-0.09601376969562847,-0.0968679935457406,-26.82615708429123
297.0,0.2,-0.0953986821305024,-0.09629707534326215,-26.488723826920168
295.0,0.2,-0.0947604149112855,-0.0957057679450457,-26.14448258727472
293.0,0.2,-0.09409743860114217,-0.09509275789899618,-25.79341092926581
291.0,0.2,-0.09340808430626013,-0.09445661276703654,-25.435504667168107
289.0,0.2,-0.09269052809564426,-0.09379576791188371,-25.07077986066527
287.0,0.2,-0.09194277336717449,-0.09310851155878508,-24.6992748569381
285.0,0.2,-0.09116263083922016,-0.0923929678652613,-24.321052351641004
283.0,0.2,-0.09034769578714452,-0.09164707768210123,-23.936201434669133
281.0,0.2,-0.08949532207074329,-0.09086857662791137,-23.54483958052789
279.0,0.2,-0.08860259240883317,-0.09005497002478058,-23.147114537189893
277.0,0.2,-0.0876662842464957,-0.08920350415038114,-22.743206061830108
275.0,0.2,-0.08668283042352765,-0.08831113314764849,-22.33332744717061
273.0,0.2,-0.08564827368241823,-0.08737448079107213,-21.91772677873565
271.0,0.2,-0.08455821384162787,-0.08638979613109976,-21.496687861547287
269.0,0.2,-0.08340774619333202,-0.08535290181521349,-21.070530755096232
267.0,0.2,-0.0821913893486712,-0.08425913360298787,-20.63961185816267
265.0,0.2,-0.08090300032762765,-0.08310326923577649,-20.20432349049302
263.0,0.2,-0.07953567414793228,-0.08187944436688843,-19.765092926588938
261.0,0.2,-0.07808162447169464,-0.08058105267475746,-19.32238084781946
259.0,0.2,-0.07653204097102617,-0.07920062652863691,-18.87667919244241
257.0,0.2,-0.07487691790828355,-0.07772969359772985,-18.42850839830032
255.0,0.2,-0.07310484690145524,-0.07615860351346626,-17.978414049092418
253.0,0.2,-0.07120276483421017,-0.07447631700409585,-17.52696295108645
251.0,0.2,-0.06915564519624984,-0.07267014767141444,-17.074738681524533
249.0,0.2,-0.06694611755322089,-0.07072544355994381,-16.62233666119737
247.0,0.2,-0.06455399499041947,-0.06862519157747826,-16.170358809848317
245.0,0.2,-0.06195568273856278,-0.06634952222742596,-15.719407842137894
243.0,0.2,-0.059123432027972544,-0.06387508437343992,-15.270081251322836
241.0,0.2,-0.05602439043588303,-0.06117424894152146,-14.822965004413648
239.0,0.2,-0.05261938196849436,-0.058214085184201236,-14.378626931949672
237.0,0.2,-0.048861324427133423,-0.05495503129647261,-13.937609731031202
235.0,0.2,-0.04469315458213674,-0.05134914961426862,-13.50042340132901
233.0,0.2,-0.04004507775049371,-0.04733781049643615,-13.067536783000415
231.0,0.2,-0.03483087905577742,-0.042848580840725514,-12.639367633241807
229.0,0.2,-0.028942916044652822,-0.037790991566821974,-12.21627031392445
227.0,0.2,-0.022245237148257546,-0.032050705905737775,-11.798519578353977
225.0,0.2,-0.014564010002425354,-0.025481381286941884,-11.386287986851206
223.0,0.2,-0.005674062024828563,-0.017893176980209535,-10.979612879566954
221.0,0.2,0.00472020027667075,-0.00903636934468377,-10.578346127254363
219.0,0.2,0.017011899223208338,0.0014221099593467734,-10.182075306150304
217.0,0.2,0.03172979912017326,0.013932045914145763,-9.789997422897603
215.0,0.2,0.04958989185977214,0.02910596966433443,-9.400715038763174
213.0,0.2,0.07155809855439932,0.04777721165373938,-9.01191235902318
211.0,0.2,0.09890349485195915,0.07105514746393349,-8.619874855054086
209.0,0.2,0.1331697893285121,0.10032036084836626,-8.218914976692952
207.0,0.2,0.17588951075340054,0.13701245818148777,-7.801148825565271
205.0,0.2,0.2278052950282704,0.18199397469564704,-7.357865411041127
203.0,0.2,0.2877604658870825,0.23457234661845838,-6.8838296049520045
201.0,0.2,0.3523998788137499,0.29210641674787696,-6.3824371311874915
199.0,0.2,0.41756577243716364,0.35105459587976695,-5.865698016876845
197.0,0.2,0.48007877812780186,0.4085074753646274,-5.348301025381128
195.0,0.2,0.5383132310703531,0.46280600311918996,-4.842151511227927
193.0,0.2,0.5918041181919844,0.5133087828715721,-4.3547340519208175
191.0,0.2,0.6407056274438249,0.559966745662131,-3.88982429578534
189.0,0.2,0.6854325355574364,0.6030149406718595,-3.44868991486078
187.0,0.2,0.7264780686885618,0.6428030462466798,-3.03104355615958
185.0,0.2,0.7643361167945222,0.6797151691652059,-2.635648505319932
183.0,0.2,0.7994761259472243,0.7141381768564768,-2.2606514925745183
181.0,0.2,0.8323438168941286,0.7464558122376328,-1.9037199469539914
179.0,0.2,0.8633762746269554,0.7770583012965024,-1.5620254811282863
177.0,0.2,0.8930282948340241,0.8063644419310988,-1.2320792959063578
175.0,0.2,0.9218093961089553,0.8348554207425849,-0.9094165604902253
173.0,0.2,0.9503136629114344,0.8631026250561655,-0.5883179471345108
171.0,0.2,0.9790852312481895,0.8916340622827323,-0.2632917923247968
169.0,0.2,1.0075250460845093,0.9198523183028654,0.05880096853311512
167.0,0.2,1.031791622235756,0.9439486680048216,0.33485989104278535
165.0,0.2,1.0489177172235016,0.9609695571098715,0.5307750954564225
163.0,0.2,1.060543044741083,0.9725295392665301,0.6642337892741677
161.0,0.2,1.068818760728898,0.9807591989866791,0.7592898645823647
159.0,0.2,1.0750155683019305,0.9869195270562886,0.8303285885969276
157.0,0.2,1.0798355623323637,0.9917082350509576,0.8853719911315735
155.0,0.2,1.0836886787572975,0.9955331849872808,0.9291412215756496
153.0,0.2,1.0868307722149901,0.9986492032412971,0.9646036289606428
151.0,0.2,1.0894310970400545,1.001225019161848,0.9937343639282563
149.0,0.2,1.09160710341629,1.003377812387564,1.0179114035592727
147.0,0.2,1.0934435309058252,1.0051921846641443,1.0381334435407976
145.0,0.2,1.0950035004243335,1.0067311890506305,1.0551470944397061
143.0,0.2,1.096335285289239,1.0080430672487375,1.0695248909545318
141.0,0.2,1.0974766241535736,1.0091655438948746,1.0817152081466408
139.0,0.2,1.098457570362297,1.01012866544251,1.0920753878902474
137.0,0.2,1.0993024346560376,1.0109567369745955,1.1008944267316831
135.0,0.2,1.1000311464929635,1.0116696802781813,1.1084089464872908
133.0,0.2,1.100660231401822,1.012284009499116,1.1148147125194487
131.0,0.2,1.101203526066525,1.0128135455123102,1.1202751040778407
129.0,0.2,1.1016727153747659,1.0132699527069657,1.1249274992685068
127.0,0.2,1.1020777373869324,1.013663144149986,1.1288881206636248
125.0,0.2,1.1024270972560566,1.0140015958347022,1.132255806318916
123.0,0.2,1.1027281123424946,1.014292592252634,1.1351149700899084
121.0,0.2,1.1029871062872738,1.014542420982986,1.1375379575724334
119.0,0.2,1.1032095644487234,1.0147565286694133,1.1395869427552399
117.0,0.2,1.1034002597220303,1.014939647381148,1.141315471133582
115.0,0.2,1.1035633553929867,1.015095897994938,1.142769727446534
113.0,0.2,1.1037024899940284,1.0152288755562928,1.1439895865528396
111.0,0.2,1.103820847917552,1.0153417203686361,1.1450094917672295
109.0,0.2,1.1039212186552971,1.0154371776750717,1.1458591945953711
107.0,0.2,1.1040060468775055,1.0155176481437709,1.1465643821109222
105.0,0.2,1.104077475075633,1.0155852308791748,1.1471472124597337
103.0,0.2,1.1041373801221508,1.0156417603116572,1.147626774615364
101.0,0.2,1.1041874048183988,1.015688838036319,1.1480194851824261
99.0,0.2,1.1042289852838265,1.0157278604543327,1.1483394324776746
97.0,0.2,1.1042633748707567,1.0157600429015727,1.1485986761268299
95.0,0.2,1.1042916651564714,1.015786440817093,1.1488075088557421
93.0,0.2,1.1043148044598072,1.0158079683998784,1.1489746859267287
91.0,0.2,1.1043336142464946,1.0158254151194976,1.1491076266974605
89.0,0.2,1.1043488037211104,1.0158394603802627,1.149212592004648
87.0,0.2,1.1043609828501626,1.015850686585371,1.1492948404542012
85.0,0.2,1.1043706740178274,1.0158595908047043,1.149358766200458
83.0,0.2,1.1043783224810144,1.0158665952153014,1.1494080203953239
81.0,0.2,1.1043843057620761,1.0158720564553478,1.1494456181622983
79.0,0.2,1.1043889420945878,1.015876274009679,1.1494740326864776
77.0,0.2,1.1043924980189073,1.0158794977261612,1.1494952777975975
75.0,0.2,1.1043951952091222,1.0158819345472898,1.1495109802489678
73.0,0.2,1.1043972166008968,1.0158837545290846,1.1495224427518624
71.0,0.2,1.1043987118798966,1.0158850962096801,1.1495306987098528
69.0,0.2,1.1043998023828592,1.0158860713820888,1.149536559501077
67.0,0.2,1.104400585457294,1.0158867693196443,1.1495406550780554
65.0,0.2,1.1044011383211714,1.0158872604977394,1.1495434685891388
63.0,0.2,1.1044015214604046,1.0158875998519294,1.1495453656693233
61.0,0.2,1.104401781599369,1.0158878296097502,1.1495466190003236
59.0,0.2,1.104401954277677,1.015887981731534,1.1495474286979437
57.0,0.2,1.1044020660696037,1.0158880799979972,1.1495479390641867
55.0,0.2,1.1044021364478633,1.0158881417518928,1.1495482520600655
53.0,0.2,1.1044021794012655,1.0158881793949892,1.1495484382908097
51.0,0.2,1.1044022047189999,1.0158882015694213,1.1495485454060614
49.0,0.2,1.1044022190680818,1.0158882141390275,1.1495486047179546
47.0,0.2,1.1044022268480493,1.0158882209613658,1.1495486361815752
45.0,0.2,1.1044022308592936,1.0158882244862484,1.1495486520799731
43.0,0.2,1.1044022328120466,1.0158882262078996,1.1495486596797195
41.0,0.2,1.1044022337021027,1.0158882269963017,1.1495486630883864
39.0,0.2,1.1044022340781132,1.015888227331461,1.1495486645088637
37.0,0.2,1.1044022342235604,1.0158882274621563,1.1495486650523272
35.0,0.2,1.104402234274316,1.0158882275082282,1.1495486652404259
33.0,0.2,1.1044022342900066,1.0158882275226495,1.1495486652982656
31.0,0.2,1.1044022342942066,1.0158882275265693,1.1495486653137246
29.0,0.2,1.1044022342951538,1.0158882275274692,1.1495486653172091
27.0,0.2,1.1044022342953268,1.0158882275276382,1.1495486653178366
25.0,0.2,1.1044022342953521,1.0158882275276622,1.1495486653179798
23.0,0.2,1.1044022342953543,1.0158882275276644,1.149548665317973
21.0,0.2,1.1044022342953543,1.0158882275276644,1.149548665317973
19.0,0.2,1.1044022342953543,1.0158882275276644,1.149548665317973
17.0,0.2,1.1044022342953543,1.0158882275276644,1.149548665317973
15.0,0.2,1.1044022342953543,1.0158882275276644,1.149548665317973
13.0,0.2,1.1044022342953543,1.0158882275276644,1.149548665317973
11.0,0.2,1.1044022342953543,1.0158882275276644,1.149548665317973
9.0,0.2,1.1044022342953543,1.0158882275276644,1.149548665317973
7.0,0.2,1.1044022342953543,1.0158882275276644,1.149548665317973
5.0,0.2,1.1044022342953543,1.0158882275276644,1.149548665317973
3.0,0.2,1.1044022342953543,1.0158882275276644,1.149548665317973
1.0,0.2,1.1044022342953543,1.0158882275276644,1.149548665317973
305.0,0.4,-0.09538112669225662,-0.09820418574540413,-27.72068853300281
303.0,0.4,-0.09475633662891347,-0.0977064017957201,-27.423542803998256
301.0,0.4,-0.09411011801193614,-0.0971941909644587,-27.1215229166348
299.0,0.4,-0.09344117298409937,-0.09666672871411697,-26.814603628370744
297.0,0.4,-0.09274809582054244,-0.09612312228544528,-26.50276707864729
295.0,0.4,-0.09202936181213817,-0.09556240369074276,-26.186003539718115
293.0,0.4,-0.09128331477590046,-0.09498352185220194,-25.86431219869507
291.0,0.4,-0.09050815299156567,-0.09438533376190006,-25.537701966619355
289.0,0.4,-0.08970191332904176,-0.09376659451900782,-25.20619230924201
287.0,0.4,-0.08886245328996667,-0.09312594607445002,-24.869814092923278
285.0,0.4,-0.08798743063679404,-0.09246190448283476,-24.528610437719262
283.0,0.4,-0.0870742802226141,-0.09177284542460762,-24.18263756829413
281.0,0.4,-0.0861201875617803,-0.09105698771666448,-23.831965651813125
279.0,0.4,-0.08512205859237243,-0.09031237447507001,-23.476679610469986
277.0,0.4,-0.08407648497248843,-0.08953685152669788,-23.116879894820773
275.0,0.4,-0.0829797041183653,-0.08872804258431688,-22.752683202674437
273.0,0.4,-0.08182755302682931,-0.0878833205979459,-22.384223126992
271.0,0.4,-0.08061541471922262,-0.08699977456889796,-22.011650715110317
269.0,0.4,-0.07933815588788318,-0.0860741709551398,-21.635134920711327
267.0,0.4,-0.07799005400522119,-0.08510290859845959,-21.254862929322506
265.0,0.4,-0.07656471175082746,-0.08408196585388006,-20.871040337836735
263.0,0.4,-0.07505495609917334,-0.08300683828428768,-20.48389116858141
261.0,0.4,-0.07345271875629811,-0.08187246487771827,-20.093657698851647
259.0,0.4,-0.07174889379445726,-0.08067314022350613,-19.70060008753009
257.0,0.4,-0.06993316724891918,-0.07940240940884413,-19.304995781332263
255.0,0.4,-0.06799381202968258,-0.07805294151800357,-18.907138684220826
253.0,0.4,-0.06591743965034236,-0.07661637646162012,-18.50733807436271
251.0,0.4,-0.06368869783094655,-0.07508313833461511,-18.105917253301165
249.0,0.4,-0.06128989977320631,-0.07344220646022093,-17.70321191127857
247.0,0.4,-0.058700566526100895,-0.07168083252798851,-17.299568190102505
245.0,0.4,-0.05589685791704779,-0.06978418849447432,-16.895340419550724
243.0,0.4,-0.05285085938289136,-0.06773492477935772,-16.490888493489898
241.0,0.4,-0.04952968077006226,-0.06551261116068297,-16.08657483535616
239.0,0.4,-0.04589430742228706,-0.06309302276774154,-15.682760875937497
237.0,0.4,-0.04189812161278583,-0.06044721936656061,-15.279802924193884
235.0,0.4,-0.03748498056913774,-0.057540345728853026,-14.878047245694699
233.0,0.4,-0.03258669138874537,-0.05433005120765211,-14.477824059587554
231.0,0.4,-0.027119656056090458,-0.050764382982008804,-14.079440001442553
229.0,0.4,-0.020980360870249015,-0.046778942425957926,-13.683168338305778
227.0,0.4,-0.014039237633524104,-0.0422929962442995,-13.289235799696392
225.0,0.4,-0.0061322046682534825,-0.03720408564808597,-12.897804192816057
223.0,0.4,0.0029511305666809484,-0.031380451035544876,-12.508943806595108
221.0,0.4,0.013484102979327228,-0.024650248074300052,-12.122593633098408
219.0,0.4,0.02582661794733121,-0.016786027481957566,-11.738500045587445
217.0,0.4,0.04045875942408639,-0.0074822594335879344,-11.356119766436313
215.0,0.4,0.05802799764008615,0.0036770844386299073,-10.974463263961892
213.0,0.4,0.07941270946116075,0.01726407763628368,-10.591839872655157
211.0,0.4,0.10579788946322444,0.03406594297467991,-10.205448999139762
209.0,0.4,0.13873409636430623,0.055145198312102184,-9.810766791804667
207.0,0.4,0.18008272010243054,0.08184818481017408,-9.400799627737511
205.0,0.4,0.23162419533913736,0.11562335106135013,-8.965754513702633
203.0,0.4,0.29406798717270144,0.15744586368956215,-8.494653753803108
201.0,0.4,0.3657705938556418,0.2069235982330644,-7.980472546102712
199.0,0.4,0.4425820646337888,0.2619042133561319,-7.426270550427741
197.0,0.4,0.5196178548131134,0.31930988901742774,-6.8454808339748885
195.0,0.4,0.5932419261958455,0.3764190428148787,-6.255532973349365
193.0,0.4,0.6616170392102911,0.43146733937521753,-5.671592071860541
191.0,0.4,0.7242271912781864,0.48356174408128627,-5.1041806639203635
189.0,0.4,0.7812654854844003,0.5323845390087111,-4.559493061625545
187.0,0.4,0.8332267998943786,0.5779437819231106,-4.040531744580106
185.0,0.4,0.8806953659746796,0.6204151398189817,-3.548174286042994
183.0,0.4,0.9242496031077579,0.6600530250745451,-3.081947713121294
181.0,0.4,0.9644270163757571,0.6971445547310704,-2.640528918243815
179.0,0.4,1.0017177338835326,0.7319883815057718,-2.222039470854418
177.0,0.4,1.036571363655686,0.7648880356687623,-1.8241942341607356
175.0,0.4,1.0694101887395582,0.7961541641251149,-1.4443450056340703
173.0,0.4,1.100645040564709,0.8261120783165692,-1.079453054521864
171.0,0.4,1.130688068982095,0.8551086405403667,-0.7260592097493683
169.0,0.4,1.1599397568953644,0.8834960235077223,-0.3805166730252669
167.0,0.4,1.1886594770957324,0.9115029441730721,-0.04054017047741776
165.0,0.4,1.2164588352416155,0.9387343200545873,0.2888774712946166
163.0,0.4,1.2414483882163165,0.963317385420677,0.5854086950668007
161.0,0.4,1.261258414938982,0.9828798312576956,0.8210179650408826
159.0,0.4,1.2757550566242635,0.997239322553386,0.993766916754717
157.0,0.4,1.2863453275925374,1.0077528591410692,1.1200000507436834
155.0,0.4,1.2943181614458878,1.0156802552623259,1.2148769499906031
153.0,0.4,1.3005149007758998,1.0218482677096727,1.2883726606502837
151.0,0.4,1.3054589136681167,1.0267729234633551,1.3467352036382558
149.0,0.4,1.3094841752280673,1.030784338936426,1.3939764918386353
147.0,0.4,1.3128127189130727,1.0341024256069435,1.432778768718353
145.0,0.4,1.315598245422068,1.036879672038877,1.4650081050391677
143.0,0.4,1.3179510373029941,1.0392256472988801,1.4920092450983842
141.0,0.4,1.3199527001336062,1.0412215270712297,1.514780847910191
139.0,0.4,1.3216652256105208,1.042929039076608,1.534083688125699
137.0,0.4,1.3231367708555444,1.0443961755052231,1.5505099384351642
135.0,0.4,1.3244054679766568,1.0456609633825207,1.5645290247131518
133.0,0.4,1.3255020106935314,1.046754027663271,1.5765188873515634
131.0,0.4,1.3264514574294783,1.0477003799481956,1.5867878620798708
129.0,0.4,1.3272745179482326,1.0485206962450118,1.5955903582071627
127.0,0.4,1.3279884911046986,1.0492322492145068,1.6031383330385547
125.0,0.4,1.3286079593398343,1.049849599309945,1.6096098304041053
123.0,0.4,1.329145316206295,1.0503851202047583,1.6151554870517408
121.0,0.4,1.3296111672220194,1.0508493984893945,1.6199035076907393
119.0,0.4,1.330014643114906,1.05125154625771,1.6239635664001737
117.0,0.4,1.3303636458895172,1.0515994468736696,1.6274298870206776
115.0,0.4,1.330665044669973,1.051899950731769,1.6303837068092473
113.0,0.4,1.3309248332381944,1.052159032844425,1.6328952680360738
111.0,0.4,1.3311482580192517,1.0523819209512266,1.635025443986665
109.0,0.4,1.331339923023925,1.0525732006223036,1.6368270787293726
107.0,0.4,1.3315038766491307,1.0527369022315705,1.6383461005087645
105.0,0.4,1.331643684066185,1.0528765735136874,1.6396224544161766
103.0,0.4,1.3317624880647496,1.0529953405624417,1.6406908895057533
101.0,0.4,1.3318630605781783,1.053095959490427,1.641581627701148
99.0,0.4,1.331947846632506,1.0531808604892094,1.6423209359429713
97.0,0.4,1.332019002093756,1.0532521856637183,1.6429316185364424
95.0,0.4,1.3320784263059617,1.053311821733704,1.643433443208316
93.0,0.4,1.3321277904938083,1.0533614284775032,1.6438435117095453
91.0,0.4,1.3321685626331068,1.0534024636232275,1.6441765837116424
89.0,0.4,1.332202029357949,1.053436204758451,1.6444453611003733
87.0,0.4,1.3322293153668965,1.05346376872302,1.6446607384680325
85.0,0.4,1.3322514007054747,1.0534861288644517,1.6448320245673744
83.0,0.4,1.3322691362339114,1.0535041304668133,1.6449671386540154
81.0,0.4,1.332283257533741,1.0535185046084052,1.6450727849739288
79.0,0.4,1.3322943974619568,1.0535298806582465,1.645154608105066
77.0,0.4,1.3323030975246217,1.0535387975842399,1.6452173314176393
75.0,0.4,1.332309818211613,1.0535457142153843,1.6452648805560917
73.0,0.4,1.332314948409178,1.0535510185751433,1.6453004935461943
71.0,0.4,1.3323188139862818,1.0535550363823194,1.6453268188879706
69.0,0.4,1.332321685633393,1.0535580387984675,1.6453460027955054
67.0,0.4,1.3323237860179487,1.0535602494867309,1.6453597665805701
65.0,0.4,1.332325296308616,1.0535618510352494,1.6453694750460786
63.0,0.4,1.332326362110421,1.0535629907887831,1.6453761966493325
61.0,0.4,1.332327098844557,1.053563786124551,1.6453807561112865
59.0,0.4,1.3323275966000345,1.0535643292023347,1.6453837800852618
57.0,0.4,1.3323279244793593,1.053564691214378,1.6453857364514608
55.0,0.4,1.3323281344570006,1.0535649261576026,1.64538696777109
53.0,0.4,1.3323282647677333,1.0535650741488733,1.6453877194141397
51.0,0.4,1.3323283428448693,1.0535651643071997,1.6453881628782288
49.0,0.4,1.3323283878076733,1.053565217200643,1.6453884146891928
47.0,0.4,1.3323284125738475,1.0535652469452426,1.645388551676053
45.0,0.4,1.3323284255437626,1.0535652628865502,1.645388622669154
43.0,0.4,1.332328431956798,1.0535652709745729,1.6453886574894254
41.0,0.4,1.3323284349260915,1.0535652748285809,1.6453886735267833
39.0,0.4,1.3323284362008392,1.0535652765370578,1.6453886803983568
37.0,0.4,1.332328436702284,1.0535652772336233,1.6453886831066318
35.0,0.4,1.3323284368804376,1.053565277491215,1.6453886840750767
33.0,0.4,1.3323284369366029,1.0535652775761537,1.6453886843839758
31.0,0.4,1.3323284369519748,1.0535652776006064,1.645388684469999
29.0,0.4,1.3323284369555297,1.0535652776065911,1.6453886844904224
27.0,0.4,1.3323284369562003,1.0535652776077948,1.6453886844944048
25.0,0.4,1.332328436956299,1.0535652776079856,1.645388684495032
23.0,0.4,1.332328436956309,1.0535652776080089,1.6453886844950867
21.0,0.4,1.3323284369563098,1.0535652776080104,1.6453886844950798
19.0,0.4,1.3323284369563098,1.0535652776080104,1.6453886844950798
17.0,0.4,1.3323284369563098,1.0535652776080104,1.6453886844950798
15.0,0.4,1.3323284369563098,1.0535652776080104,1.6453886844950798
13.0,0.4,1.3323284369563098,1.0535652776080104,1.6453886844950798
11.0,0.4,1.3323284369563098,1.0535652776080104,1.6453886844950798
9.0,0.4,1.3323284369563098,1.0535652776080104,1.6453886844950798
7.0,0.4,1.3323284369563098,1.0535652776080104,1.6453886844950798
5.0,0.4,1.3323284369563098,1.0535652776080104,1.6453886844950798
3.0,0.4,1.3323284369563098,1.0535652776080104,1.6453886844950798
1.0,0.4,1.3323284369563098,1.0535652776080104,1.6453886844950798
305.0,0.6,-0.09181845797036137,-0.0977051473525028,-27.520112179113095
303.0,0.6,-0.09111230209247001,-0.09722552820283092,-27.24365656436222
301.0,0.6,-0.09038358220314935,-0.09673409454315385,-26.96400177320299
299.0,0.6,-0.08963101016070496,-0.09623019679146938,-26.68114378310702
297.0,0.6,-0.08885319870327568,-0.09571313464454545,-26.39508177045221
295.0,0.6,-0.08804865190159261,-0.09518215218017656,-26.105818341926106
293.0,0.6,-0.08721575449520169,-0.0946364323911546,-25.813359773276726
291.0,0.6,-0.08635275995707237,-0.09407509107257606,-25.517716254675527
289.0,0.6,-0.08545777710635005,-0.09349716997145152,-25.218902141781896
287.0,0.6,-0.08452875505921909,-0.09290162909253485,-24.91693621141899
285.0,0.6,-0.0835634662722824,-0.09228733803637956,-24.61184192055252
283.0,0.6,-0.08255948739051755,-0.0916530662242514,-24.303647667053802
281.0,0.6,-0.08151417756095802,-0.09099747183885176,-23.99238705046909
279.0,0.6,-0.08042465381213448,-0.09031908927895249,-23.678099130762842
277.0,0.6,-0.07928776302541318,-0.08961631488872568,-23.360828682717404
275.0,0.6,-0.0781000499347817,-0.08888739067729379,-23.040626443356988
273.0,0.6,-0.07685772048260286,-0.08813038568889398,-22.71754934944472
271.0,0.6,-0.07555659972545392,-0.08734317461657559,-22.39166076173758
269.0,0.6,-0.07419208332042548,-0.08652341316940926,-22.06303067230208
267.0,0.6,-0.07275908142009935,-0.08566850960075123,-21.731735890772537
265.0,0.6,-0.07125195355384983,-0.08477559167793469,-21.39786020496427
263.0,0.6,-0.0696644327607927,-0.08384146821511229,-21.061494510732462
261.0,0.6,-0.06798953684840825,-0.08286258409188951,-20.722736905357184
259.0,0.6,-0.0662194641579592,-0.08183496742928376,-20.38169273802957
257.0,0.6,-0.06434547059309237,-0.08075416727572304,-20.038474610140057
255.0,0.6,-0.06235772387164795,-0.07961517974873478,-19.693202317001855
253.0,0.6,-0.06024512993862441,-0.07841236005453367,-19.346002721256248
251.0,0.6,-0.057995125157925154,-0.07713931713024569,-18.997009546408975
249.0,0.6,-0.055593426182397154,-0.07578878677007284,-18.646363076531525
247.0,0.6,-0.053023727149230426,-0.07435247793599253,-18.294209744878714
245.0,0.6,-0.05026733087128088,-0.07282088541613274,-17.940701589647283
243.0,0.6,-0.04730269672863874,-0.07118305994009777,-17.58599554876223
241.0,0.6,-0.04410488263308787,-0.06942632409193705,-17.23025255662016
239.0,0.6,-0.040644851204699295,-0.06753591859381136,-16.87363639290946
237.0,0.6,-0.03688860039118658,-0.06549455835447104,-16.516312215117786
235.0,0.6,-0.03279606505000565,-0.06328187048208855,-16.158444679295197
233.0,0.6,-0.028319716842217346,-0.060873676354681994,-15.800195513663684
231.0,0.6,-0.023402762689937573,-0.05824106547890384,-15.441720349817938
229.0,0.6,-0.017976803324021517,-0.05534918820911239,-15.083164525436224
227.0,0.6,-0.011958757488653493,-0.05215566431198515,-14.72465743252912
225.0,0.6,-0.0052467756230880624,-0.048608459991978936,-14.366304766333057
223.0,0.6,0.0022852537816188123,-0.04464301974811535,-14.008177681534502
221.0,0.6,0.010795181437828316,-0.04017833938692639,-13.650297298054895
219.0,0.6,0.02048290284008758,-0.03511151397783685,-13.292612067526921
217.0,0.6,0.03160473777971928,-0.029310060664936355,-12.93496394819827
215.0,0.6,0.044493719853740954,-0.022600958492649648,-12.577036668655278
213.0,0.6,0.05958846670722373,-0.014754810078232428,-12.218274756762954
211.0,0.6,0.07747435937430414,-0.005462765699119521,-11.857754047462079
209.0,0.6,0.09894168227471878,0.0056970802923224095,-11.493970871891502
207.0,0.6,0.1250646493394203,0.019307679994443827,-11.124495754497323
205.0,0.6,0.1572978411909679,0.0361773418487763,-10.74541056197289
203.0,0.6,0.19755830745924075,0.05741103905488909,-10.350443488209988
201.0,0.6,0.24818140405750877,0.08444159911813232,-9.929854148201512
199.0,0.6,0.31147989254156694,0.11888548220795403,-9.46973321451107
197.0,0.6,0.388551824247358,0.16199651093766465,-8.953783733578042
195.0,0.6,0.47760632666329805,0.21370947325819512,-8.370207671142623
193.0,0.6,0.573534192424315,0.27204375365834244,-7.72115175630398
191.0,0.6,0.6699990665723177,0.333780256900144,-7.024832277315863
189.0,0.6,0.7621005002455585,0.3958303430953508,-6.307105447310425
187.0,0.6,0.8472855805318726,0.45603768937304734,-5.591607274161275
185.0,0.6,0.9248106363783406,0.5132138895987739,-4.895238585358062
183.0,0.6,0.9949299132124355,0.5668636751181111,-4.228121915866333
181.0,0.6,1.0583270542197047,0.6169098887582195,-3.595237228955545
179.0,0.6,1.1158096459319928,0.6635019379985172,-2.9981463199183604
177.0,0.6,1.1681695914895187,0.7069001955359877,-2.4363056858771577
175.0,0.6,1.216130237152425,0.7474118351606991,-1.907939982417405
173.0,0.6,1.2603345259557268,0.7853579060227076,-1.4105794126245295
171.0,0.6,1.3013507198965075,0.8210582664236037,-0.9413717272990396
169.0,0.6,1.3396838267974878,0.8548257428394797,-0.4972600931701019
167.0,0.6,1.3757851214189667,0.8869625652218529,-0.07511242294166087
165.0,0.6,1.4100497466489221,0.9177492091182429,0.32807095926470964
163.0,0.6,1.4427793640110775,0.9474034842689926,0.7145919605859822
161.0,0.6,1.47405641573175,0.9759588826774962,1.0845024964932284
159.0,0.6,1.5034633689606056,1.0029966498321161,1.4322872206240722
157.0,0.6,1.5298290913983266,1.0273945770207862,1.743893033846585
155.0,0.6,1.551779111632548,1.0478213188488843,2.0031199573850125
153.0,0.6,1.5689602001150256,1.0638853028096622,2.2058423519295483
151.0,0.6,1.5821238317590653,1.076239521613212,2.3609182670049678
149.0,0.6,1.5922933886398503,1.0858126895130848,2.4804177216053405
147.0,0.6,1.6003002212448516,1.0933687312685134,2.5741703145172856
145.0,0.6,1.606729178662723,1.0994485547373998,2.649112706096269
143.0,0.6,1.611979975267644,1.1044234085278823,2.710001505941886
141.0,0.6,1.6163288389637094,1.108550646510659,2.7601346114152516
139.0,0.6,1.6199712556641543,1.1120128420378268,2.801853101573838
137.0,0.6,1.6230492655822895,1.1149429175828143,2.836862658455643
135.0,0.6,1.625668714797603,1.1174400901097319,2.8664372527883506
133.0,0.6,1.6279103091785405,1.1195801180768326,2.8915499985592543
131.0,0.6,1.6298368542834698,1.1214220285368586,2.9129590837889476
129.0,0.6,1.631498112571605,1.1230126391461657,2.931265575194718
127.0,0.6,1.632934140057157,1.1243896698193034,2.9469532355167383
125.0,0.6,1.6341776300494466,1.1255839317153176,2.9604165706246217
123.0,0.6,1.635255593666534,1.1266208989248883,2.9719809982296117
121.0,0.6,1.636190587703563,1.1275218582528117,2.9819176284863858
119.0,0.6,1.6370016276546124,1.1283047651599127,2.99045428831082
117.0,0.6,1.637704875342963,1.128984889058384,2.9977838549241627
115.0,0.6,1.638314169140255,1.129575311416021,3.004070696209183
113.0,0.6,1.6388414317172486,1.130087309100464,3.009455648964068
111.0,0.6,1.6392969922154044,1.130530657526018,3.0140599629074356
109.0,0.6,1.639689841678982,1.1309138711611453,3.017988440738255
107.0,0.6,1.6400278379980333,1.1312443966059145,3.0213319677229573
105.0,0.6,1.6403178719278384,1.1315287690677691,3.024169569393081
103.0,0.6,1.6405660027956603,1.131772740304813,3.026570100681382
101.0,0.6,1.6407775703808154,1.1319813841199848,3.0285936444299373
99.0,0.6,1.6409572879065872,1.132159184042354,3.0302926786865028
97.0,0.6,1.6411093199423852,1.1323101067646753,3.0317130585401126
95.0,0.6,1.6412373481650064,1.1324376641108544,3.0328948480532887
93.0,0.6,1.6413446272884555,1.1325449657077105,3.0338730301625536
91.0,0.6,1.6414340329854695,1.1326347640794214,3.0346781165710333
89.0,0.6,1.6415081032508185,1.1327094935328264,3.0353366751599125
87.0,0.6,1.641569074367328,1.1327713039302878,3.035871788960273
85.0,0.6,1.641618912409689,1.1328220902343735,3.036303458001202
83.0,0.6,1.641659341042996,1.1328635185410443,3.0366489531965066
81.0,0.6,1.6416918662312,1.132897049184551,3.0369231297216657
79.0,0.6,1.6417177983568427,1.1329239573899386,3.0371387059563566
77.0,0.6,1.641738272161098,1.1329453518620984,3.0373065129552677
75.0,0.6,1.6417542648375159,1.132962191629021,3.0374357185006584
73.0,0.6,1.641766612550139,1.132975301397924,3.03753402904208
71.0,0.6,1.6417760255941294,1.1329853856338086,3.0376078722083886
69.0,0.6,1.6417831023725409,1.1329930415283394,3.0376625620624975
67.0,0.6,1.6417883423247748,1.1329987709916824,3.0377024488380293
65.0,0.6,1.6417921579094021,1.133002991769659,3.037731054542073
63.0,0.6,1.641794885715795,1.1330060477625263,3.037751195515381
61.0,0.6,1.6417967967547094,1.133008218599446,3.037765092807379
59.0,0.6,1.641798105957662,1.133009728503756,3.037774471044913
57.0,0.6,1.6417989808986075,1.1330107544686274,3.0377806463457313
55.0,0.6,1.6417995497393987,1.1330114337504584,3.0377846037514775
53.0,0.6,1.6417999083930521,1.1330118706786696,3.037787064624638
51.0,0.6,1.6418001268965892,1.1330121427759254,3.0377885444677535
49.0,0.6,1.6418002549880426,1.1330123061820356,3.0377894016742895
47.0,0.6,1.6418003268905133,1.1330124003786515,3.0377898778000705
45.0,0.6,1.6418003653202233,1.1330124522214469,3.0377901300490815
43.0,0.6,1.6418003847434743,1.133012479285974,3.0377902567095014
41.0,0.6,1.6418003939549868,1.1330124925893785,3.0377903165529587
39.0,0.6,1.641800398015138,1.1330124986905805,3.0377903429213253
37.0,0.6,1.6418003996595008,1.1330125012730092,3.03779035364189
35.0,0.6,1.6418004002630089,1.133012502268539,3.0377903576118594
33.0,0.6,1.6418004004603546,1.1330125026124462,3.037790358929702
31.0,0.6,1.6418004005166524,1.1330125027167848,3.0377903593141573
29.0,0.6,1.6418004005303024,1.133012502743894,3.0377903594102524
27.0,0.6,1.6418004005330211,1.133012502749734,3.037790359430212
25.0,0.6,1.641800400533448,1.1330125027507356,3.037790359433519
23.0,0.6,1.6418004005334983,1.133012502750865,3.037790359433928
21.0,0.6,1.6418004005335027,1.1330125027508757,3.0377903594339695
19.0,0.6,1.6418004005335027,1.1330125027508757,3.0377903594339695
17.0,0.6,1.6418004005335027,1.1330125027508757,3.0377903594339695
15.0,0.6,1.6418004005335027,1.1330125027508757,3.0377903594339695
13.0,0.6,1.6418004005335027,1.1330125027508757,3.0377903594339695
11.0,0.6,1.6418004005335027,1.1330125027508757,3.0377903594339695
9.0,0.6,1.6418004005335027,1.1330125027508757,3.0377903594339695
7.0,0.6,1.6418004005335027,1.1330125027508757,3.0377903594339695
5.0,0.6,1.6418004005335027,1.1330125027508757,3.0377903594339695
3.0,0.6,1.6418004005335027,1.1330125027508757,3.0377903594339695
1.0,0.6,1.6418004005335027,1.1330125027508757,3.0377903594339695
305.0,0.8,-0.08737049444622835,-0.09690307233272577,-27.14287084192722
303.0,0.8,-0.08658866070025262,-0.09642930902450275,-26.880065884265058
301.0,0.8,-0.08578414809146695,-0.09594526859384223,-26.61516993958568
299.0,0.8,-0.08495575477780681,-0.09545039233805297,-26.34818177005519
297.0,0.8,-0.08410219428329557,-0.09494408100466134,-26.079101186823554
295.0,0.8,-0.083222087956897,-0.09442569115933841,-25.807929110586798
293.0,0.8,-0.08231395661127672,-0.0938945311603836,-25.534667634352544
291.0,0.8,-0.08137621123566863,-0.09334985668911666,-25.259320088355118
289.0,0.8,-0.0804071426612667,-0.0927908657779779,-24.981891107062104
287.0,0.8,-0.0794049100388925,-0.09221669326919346,-24.702386698166055
285.0,0.8,-0.07836752796691226,-0.09162640462643012,-24.420814313433947
283.0,0.8,-0.07729285208156944,-0.0910189890095161,-24.137182921239425
281.0,0.8,-0.07617856289150193,-0.09039335150772221,-23.85150308055484
279.0,0.8,-0.07502214760204962,-0.08974830440980064,-23.56378701612427
277.0,0.8,-0.07382087963201878,-0.08908255736837556,-23.274048694466313
275.0,0.8,-0.07257179547419979,-0.08839470629168433,-22.98230390027523
273.0,0.8,-0.07127166848949318,-0.08768322076620372,-22.688570312691887
271.0,0.8,-0.06991697915044015,-0.08694642977818101,-22.392867580794054
269.0,0.8,-0.06850388116072748,-0.08618250545929795,-22.095217397518677
267.0,0.8,-0.06702816276886447,-0.08538944452967745,-21.795643571050316
265.0,0.8,-0.06548520246250966,-0.08456504704819712,-21.494172092504567
263.0,0.8,-0.06386991806877229,-0.08370689200263626,-21.190831198477955
261.0,0.8,-0.06217670808792253,-0.08281230917703764,-20.885651426714162
259.0,0.8,-0.06039938384388055,-0.08187834661618099,-20.578665662748623
257.0,0.8,-0.05853109073208973,-0.08090173286123958,-20.269909174895567
255.0,0.8,-0.056564216468169226,-0.07987883294873876,-19.959419634321684
253.0,0.8,-0.05449028376808718,-0.07880559693672717,-19.64723711616599
251.0,0.8,-0.052299824294861796,-0.07767749943399993,-19.333404076645515
249.0,0.8,-0.04998222995183821,-0.07648946824264202,-19.01796529978747
247.0,0.8,-0.04752557663945489,-0.07523579975699968,-18.700967805723018
245.0,0.8,-0.04491641435587401,-0.07391005816142515,-18.382460710239094
243.0,0.8,-0.04213951592319409,-0.07250495469093932,-18.062495022312106
241.0,0.8,-0.03917757453899018,-0.07101220220352644,-17.74112336236576
239.0,0.8,-0.03601083762060564,-0.06942233897726569,-17.41839957860498
237.0,0.8,-0.03261666079451331,-0.06772451387446132,-17.094378231407497
235.0,0.8,-0.028968961058663423,-0.0659062226455629,-16.769113905575317
233.0,0.8,-0.025037541648652573,-0.06395298194616328,-16.44266029601218
231.0,0.8,-0.02078725230459244,-0.06184792327701971,-16.115068992278136
229.0,0.8,-0.016176936501452133,-0.05957128304358017,-15.786387858670555
227.0,0.8,-0.01115810035895648,-0.057099756550970104,-15.456658864712491
225.0,0.8,-0.005673214291790574,-0.054405671931759825,-15.1259151595088
223.0,0.8,0.0003464751520521059,-0.051455923125574454,-14.79417709175812
221.0,0.8,0.0069837941779263835,-0.048210576602547794,-14.461446738226437
219.0,0.8,0.014339392757845348,-0.04462103067001055,-14.127700289182782
217.0,0.8,0.022536743295988204,-0.0406275527982396,-13.792877302881056
215.0,0.8,0.03172888838257781,-0.03615593962761121,-13.456865302839846
213.0,0.8,0.04210767566147422,-0.031112920224406038,-13.119477312581632
211.0,0.8,0.05391658132894672,-0.025379729523537176,-12.780418455920815
209.0,0.8,0.06746878788975219,-0.018802972361963155,-12.439235249442746
207.0,0.8,0.0831730617289066,-0.01118140745033469,-12.095236850966199
205.0,0.8,0.1015713415261954,-0.0022464892975175843,-11.747369755349018
203.0,0.8,0.12339400962547886,0.008366760345770885,-11.394013338275073
201.0,0.8,0.14964167918079807,0.021163934232144577,-11.032637892562956
199.0,0.8,0.1817053277061409,0.03685853998185695,-10.65922036969817
197.0,0.8,0.22153584272183136,0.056472780256330624,-10.267235066099326
195.0,0.8,0.27185413474317854,0.08147802861290909,-9.845936353903742
193.0,0.8,0.3363040973292061,0.11394740117628799,-9.377672930383943
191.0,0.8,0.4191742135643076,0.15656250467816601,-8.834814088375083
189.0,0.8,0.5237889816039212,0.21200244569444404,-8.180431302397505
187.0,0.8,0.6488553796041568,0.2810863544786627,-7.38313837773099
185.0,0.8,0.7855275659697362,0.3605501706957811,-6.448504765590004
183.0,0.8,0.9209590887696409,0.443755477482057,-5.432134925755793
181.0,0.8,1.0456880355100897,0.524481030444845,-4.406818792104021
179.0,0.8,1.1562078837266108,0.5992891057938254,-3.425215930497532
177.0,0.8,1.2528648981376134,0.6671572085527503,-2.512304666269279
175.0,0.8,1.3374603885356589,0.7283274244946152,-1.67450543308806
173.0,0.8,1.4120107600592675,0.7835132295780906,-0.9090721857811996
171.0,0.8,1.4783109262150984,0.8335227714756338,-0.2096407421161688
169.0,0.8,1.5378448046975803,0.8791146489151425,0.4311080175688128
167.0,0.8,1.5918121875303475,0.9209565002007283,1.0203211451237837
165.0,0.8,1.6411818685276764,0.9596227582968511,1.564556245135467
163.0,0.8,1.686739700191107,0.9956031929884358,2.069644727169682
161.0,0.8,1.7291193177287205,1.0293077930404073,2.54059585545855
159.0,0.8,1.7688040727970398,1.0610550955577789,2.981340269674325
157.0,0.8,1.8060791374519534,1.0910242509349783,3.394042489355827
155.0,0.8,1.8409063429533619,1.1191463334811327,3.7776782724620617
153.0,0.8,1.8727564774156908,1.1449609732808261,4.12627063035119
151.0,0.8,1.9006683877446258,1.1676569190645023,4.429653165386254
149.0,0.8,1.9238601075083865,1.1865662591640107,4.680040104896562
147.0,0.8,1.942373213114137,1.2016946392734276,4.878651759450696
145.0,0.8,1.9569380454256895,1.2136179736219015,5.033949292431742
143.0,0.8,1.9684485361782151,1.223054540932133,5.155921545928774
141.0,0.8,1.9776626335487766,1.230617474191821,5.2529346321728365
139.0,0.8,1.9851460520805266,1.236766093483457,5.3311979746714515
137.0,0.8,1.9913054939792243,1.2418314202435707,5.395163100045632
135.0,0.8,1.9964332021161515,1.2460517416900152,5.448024018066778
133.0,0.8,2.000742166152775,1.249600964514264,5.492106620568147
131.0,0.8,2.004390618383627,1.2526084280040393,5.5291378224035865
129.0,0.8,2.0074984897010415,1.255172250390359,5.560425741520988
127.0,0.8,2.0101584404379604,1.2573682928124175,5.586980252892066
125.0,0.8,2.0124433368620442,1.2592562443120872,5.609594622901834
123.0,0.8,2.0144114019472155,1.2608838193563086,5.628901734081421
121.0,0.8,2.0161098283739234,1.2622897054655018,5.645413531518423
119.0,0.8,2.017577359044756,1.2635056705936178,5.6595492127206635
117.0,0.8,2.0188461624262604,1.2645580960135234,5.671655732259309
115.0,0.8,2.0199432178444674,1.2654691095890775,5.682022966125906
113.0,0.8,2.0208913548599066,1.266257436742406,5.690895104664364
111.0,0.8,2.021710041721346,1.266939046335063,5.698479315913061
109.0,0.8,2.0224159972440585,1.26752765247847,5.704952469431864
107.0,0.8,2.023023663507377,1.2680351021916554,5.710466355318662
105.0,0.8,2.023545580978202,1.2684716833387946,5.715151829323362
103.0,0.8,2.0239926869196916,1.2688463696794046,5.71912212081862
101.0,0.8,2.0243745554939983,1.2691670181131391,5.722475502408982
99.0,0.8,2.0246995927315057,1.2694405288896213,5.725297464713466
97.0,0.8,2.024975196240489,1.2696729768615467,5.7276625039177285
95.0,0.8,2.0252078871401755,1.2698697199059124,5.729635603664469
93.0,0.8,2.0254034199470965,1.2700354892061672,5.731273473729521
91.0,0.8,2.0255668748446793,1.2701744650248994,5.732625593771011
89.0,0.8,2.025702735791911,1.2702903408008481,5.73373509979289
87.0,0.8,2.025814957189467,1.2703863778002908,5.734639542924556
85.0,0.8,2.025907021257937,1.2704654520918504,5.735371543948254
83.0,0.8,2.0259819878470964,1.2705300952576153,5.735959362238227
81.0,0.8,2.0260425380555764,1.2705825299753837,5.736427394057324
79.0,0.8,2.026091012772376,1.2706247013882108,5.7367966122124825
77.0,0.8,2.026129447037996,1.2706583050027849,5.737084956732541
75.0,0.8,2.026159600950831,1.2706848117178267,5.737307684337355
73.0,0.8,2.0261829877034865,1.2707054904691744,5.737477682928202
71.0,0.8,2.026200899217116,1.2707214288834288,5.737605756063925
69.0,0.8,2.0262144297439044,1.2707335522529246,5.737700881335778
67.0,0.8,2.0262244977245283,1.2707426410774345,5.737770445682019
65.0,0.8,2.026231866115869,1.270749347360565,5.737820459954709
63.0,0.8,2.0262371613424364,1.2707542097985622,5.737855754461579
61.0,0.8,2.0262408909717635,1.2707576679566583,5.737880156712031
59.0,0.8,2.0262434601687147,1.2707600754903878,5.737896652240547
57.0,0.8,2.0262451869466176,1.270761712438375,5.73790752910469
55.0,0.8,2.0262463162042925,1.2707627965880264,5.737914506494461
53.0,0.8,2.026247032518881,1.2707634938966943,5.737918847828171
51.0,0.8,2.026247471654946,1.270763927939867,5.737921458734376
49.0,0.8,2.0262477307520386,1.2707641883543095,5.737922970430143
47.0,0.8,2.0262478771652663,1.2707643382491305,5.737923809179876
45.0,0.8,2.0262479559565403,1.2707644205708324,5.737924252735928
43.0,0.8,2.02624799606669,1.270764463430914,5.73792447489623
41.0,0.8,2.0262480152265665,1.2707644844207553,5.7379245794780696
39.0,0.8,2.026248023734852,1.2707644940032345,5.737924625344901
37.0,0.8,2.0262480272069077,1.2707644980361543,5.737924643882018
35.0,0.8,2.026248028490939,1.2707644995799614,5.737924650694995
33.0,0.8,2.0262480289139804,1.2707645001086714,5.737924652935765
31.0,0.8,2.026248029035542,1.270764500267386,5.737924653581761
29.0,0.8,2.026248029065205,1.2707645003080974,5.737924653740762
27.0,0.8,2.0262480290711515,1.2707645003167134,5.737924653773528
25.0,0.8,2.0262480290720877,1.2707645003181556,5.737924653778963
23.0,0.8,2.0262480290721956,1.2707645003183459,5.737924653779434
21.0,0.8,2.0262480290722054,1.2707645003183565,5.737924653779618
19.0,0.8,2.0262480290722054,1.2707645003183565,5.737924653779618
17.0,0.8,2.0262480290722054,1.2707645003183565,5.737924653779618
15.0,0.8,2.0262480290722054,1.2707645003183565,5.737924653779618
13.0,0.8,2.0262480290722054,1.2707645003183565,5.737924653779618
11.0,0.8,2.0262480290722054,1.2707645003183565,5.737924653779618
9.0,0.8,2.0262480290722054,1.2707645003183565,5.737924653779618
7.0,0.8,2.0262480290722054,1.2707645003183565,5.737924653779618
5.0,0.8,2.0262480290722054,1.2707645003183565,5.737924653779618
3.0,0.8,2.0262480290722054,1.2707645003183565,5.737924653779618
1.0,0.8,2.0262480290722054,1.2707645003183565,5.737924653779618
